backbone,base_method,top1_accuracy_mean,top1_accuracy_std,ece_15bins_percent_mean,ece_15bins_percent_std,mce_15bins_percent_mean,mce_15bins_percent_std,mean_mutual_info_mean,mean_mutual_info_std,mean_ucb_score_mean,mean_ucb_score_std,auroc_combined_mean,auroc_combined_std
cifar_resnet18,source,62.65842105263158,9.148657013256035,8.3615081329281,2.391014087850751,19.15097605297952,4.522144394867938,0.6209397535203799,0.14440397540706462,0.0,0.0,0.8464074188037402,0.025898622524044655
cifar_resnet18,tent,62.94315789473685,9.029692410555288,8.473797327943734,2.4121427706913336,19.341335843706258,4.1568527463347555,0.605068790407494,0.14114246265645897,0.0,0.0,0.846855890180236,0.025147333054112774
cifar_resnet18,eata,62.962105263157895,9.022866986438999,8.381807977846384,2.38126582380869,19.54737232036799,4.543977837034055,0.6096674749345941,0.14158854987274047,0.0,0.0,0.8467811161094179,0.02537153238432004
cifar_resnet18,sar,62.89000000000001,9.095924606352256,8.391509068722005,2.356148881008409,19.364850651210144,4.436897202959936,0.6130708171063702,0.14273308785135091,0.0,0.0,0.8467692208091071,0.02521780325078755
cifar_resnet18,come,62.840526315789475,9.185918253067943,8.366698911084157,2.360251249086365,19.27596912393935,4.261739791453012,0.6201511263291325,0.1436779330300553,0.0,0.0,0.8462307065023428,0.025088573926802058
cifar_resnet18,tentcome,62.93631578947368,9.144493309896227,8.451923951129183,2.3818015524413223,19.384822586778476,4.093575860509059,0.6061130997648704,0.1465484758280742,0.0,0.0,0.8466182976375263,0.025384095827580767
cifar_resnet18,ucdpa,63.00842105263158,9.11710191718953,8.364515060046198,2.3620011542190222,19.260273699256214,4.484422731252686,0.6135291876986287,0.1442231297893346,0.4251179786058363,0.12836784580225566,0.8465889153982784,0.025127129184178112
resnet50,source,11.229368421052632,3.59267403058759,8.556024408070027,0.9183914350603383,37.35101666897777,6.465044872067363,1.1609078911625248,0.17026445642715443,0.0,0.0,0.7399422500758124,0.011240257325364392
resnet50,eata,12.335285714285714,3.014786187815275,11.740439822380695,1.0907411558109341,41.73302381146043,4.002684959170101,0.9669535602054392,0.15641052113601092,0.0,0.0,0.7432335077295055,0.0068007875588246254
resnet50,come,11.451473684210526,3.7706317090615094,12.355383785995754,1.732048104789332,48.60579595817915,12.697676980830972,1.1200184955361727,0.12895932872440252,0.0,0.0,0.7249098124137244,0.020342240315691946
resnet50,tentcome,10.29642105263158,3.3572197875257412,19.10065904891295,2.6743956400499864,58.449533645682266,11.846174043434502,0.6623109257667353,0.08165434797149383,0.0,0.0,0.7112820429232002,0.024257279890699496
resnet50,ucdpa,9.916526315789474,4.08511796876338,17.782452044301618,3.3953079085503166,64.15062481346365,16.173950453374324,1.0664128974109885,0.12167566375200427,0.10324572250884831,0.019687204345294657,0.6826325249458519,0.04314902427531656
vit_base_patch16_224,source,59.407999999999994,12.33309868245248,4.497828074742403,3.7858999976660086,8.288969649119927,5.198582895752299,1.0616998833610343,0.21775430894574913,0.0,0.0,0.8410298339497271,0.010502812142841007
vit_base_patch16_224,tent,65.1397894736842,9.237252210352429,6.76129182286933,4.01577162022429,12.488060710791245,5.526702078510307,0.4625437485413445,0.11709925722166913,0.0,0.0,0.8439919389655279,0.011803833928421192
vit_base_patch16_224,eata,64.7322105263158,9.240860515359351,6.673415168426834,3.544787202596046,12.599388182735586,5.1930997519091,0.4680237453726833,0.12163722248557159,0.0,0.0,0.8459656653077842,0.00756346641473858
vit_base_patch16_224,sar,63.776315789473685,9.692931565794808,6.738328256779349,3.431680845886947,12.411144297331422,5.35704588095857,0.4820889319824991,0.12762595323605816,0.0,0.0,0.8465181985343598,0.007081977409835448
vit_base_patch16_224,come,68.10336842105262,8.372757492211976,7.227095089560129,2.7181426615703326,11.729983881675365,2.785852248025854,1.338720729375637,0.12424223088455073,0.0,0.0,0.8475446259546404,0.007957921537562815
vit_base_patch16_224,tentcome,65.34852631578947,9.148933947420813,6.5397560358510205,3.896237230756791,12.257270166077102,5.498478388487667,0.4702351897926607,0.11880507697587755,0.0,0.0,0.8443893214920218,0.011186991398082274
vit_base_patch16_224,ucdpa,70.82863157894737,6.630283856924365,3.2699966754597427,1.1487746441310205,7.128934469760178,1.7191329340439354,0.6524232606038888,0.1483888373330861,0.5881243627570331,0.07441813860133918,0.8536182375790311,0.005786205026919786
vit_base_patch16_224,ucdpa_bs1,73.01147368421053,5.454386322222398,18.946585106138237,4.441713844284241,38.09893149307245,3.718221102925441,0.014684232611453902,0.0036811965677781984,0.840453447417274,0.017157100469815414,0.8266839141004632,0.03105518392926267
vit_base_patch16_224,ucdpa_bs32,73.56673684210527,4.922983386819479,7.13753845387266,1.6546403080261918,14.78675900056812,2.666872197359975,0.32167626516164344,0.07089349362828057,0.6906210506985387,0.046252518151805457,0.8479542466671752,0.007299333890836484
vit_base_patch16_224,ucdpa_bs64,72.46315789473684,5.629437758220994,4.2744225608082,1.3739686678009473,9.976046621373092,2.050620826017492,0.4894481296684671,0.1090584821583562,0.6391341397253599,0.05984029269732389,0.8518956912892558,0.005606338456605921
vit_base_patch16_224,ucdpa_bs8,74.29778947368422,4.536370497054854,13.15064744329575,2.5357979278119207,24.642847537012035,2.51642124371425,0.09510339646643043,0.025180083065063794,0.7791214907095533,0.028746643327468263,0.8371300100315978,0.009958643169587436
vit_base_patch16_224,ucdpa_nocal,70.84894736842107,6.633468821678985,3.256177439087806,1.1301597963732997,7.276942100440489,1.8811003048873252,0.6571437171227483,0.15031014516574637,0.5874659130403764,0.07482386730509455,0.8536385174848099,0.005794477640167245
vit_base_patch16_224,ucdpa_nocb,70.79873684210526,6.700536104937218,3.26656267213145,1.1841374899513657,7.340841007843269,1.704567614150302,0.6438431834069962,0.14576136058430442,0.5891043333148015,0.07424876344983758,0.8533178687798785,0.00638634403157543
vit_base_patch16_224,ucdpa_noscalenorm,71.723,6.228189506857781,3.525897804483539,0.7124374703978087,6.466040859166668,0.9417972067772898,0.9716025389294504,0.1764228124380802,0.5360787515497829,0.07881965315058982,0.854565219830599,0.0072720728936730835
vit_base_patch16_224,ucdpa_noucb,70.60768421052632,6.949271337122981,3.7614287956882224,1.806336296049491,8.34972924360071,3.5008458718922553,0.6121256774209337,0.07126139408817335,0.5,0.0,0.8531654841723866,0.0064436063001594825
vit_base_patch16_224,ucdpa_sens_Tc_0.05,69.7092,7.177380106974965,3.4116731967410074,1.4793017400848878,7.511327050079667,2.4299656294738043,0.6877986134245121,0.1255350662322907,0.6038992156165653,0.08374735736063872,0.8509526371257632,0.006014776386741849
vit_base_patch16_224,ucdpa_sens_Tc_0.1,69.84360000000001,7.147609446521264,3.436594311865233,1.4425058085695888,8.052741925268387,1.8728196679835407,0.6951806275577243,0.11750772534235164,0.5725590448133366,0.07368943240222575,0.8513287935988855,0.005686768020293088
vit_base_patch16_224,ucdpa_sens_Tc_0.2,69.8964,7.149178750038352,3.547214920341782,1.4506403380200317,8.360491406699708,1.9946182747493164,0.6879604423774961,0.09238425065316501,0.5338006918365042,0.04938726756029345,0.8516539353601038,0.005750653494721597
vit_base_patch16_224,ucdpa_sens_Tc_0.3,69.876,7.171346874890382,3.633073169558867,1.4849740514934775,8.228928808314597,2.353305259317051,0.6760018871780136,0.07606896028269501,0.5202552521242239,0.03499134728414184,0.8514003060787093,0.006052795022248688
vit_base_patch16_224,ucdpa_sens_Tc_0.5,69.7984,7.215260411100905,3.7545049586082806,1.6072343026091798,8.576668633938079,2.786135604122845,0.6623889156911303,0.061629836448766094,0.5108630238395333,0.02147780805681376,0.8513686102051929,0.006065354036142527
vit_base_patch16_224,ucdpa_sens_Tu_0.05,69.848,7.1384428273959095,3.42484661821099,1.4317863765857815,8.107269676773495,1.9888504007825842,0.6942715895682172,0.11716985534644128,0.5736718966992509,0.07370902896445537,0.851214646070187,0.005839485732367232
vit_base_patch16_224,ucdpa_sens_Tu_0.1,69.8408,7.149676160498459,3.4391053272485728,1.4438574101490835,7.978566703627214,1.812861619857211,0.6952324733350366,0.11740520044776134,0.5725644752791872,0.0736769271009781,0.8514152609765666,0.005674000859838911
vit_base_patch16_224,ucdpa_sens_Tu_0.2,69.888,7.1275756046498735,3.3649168575223527,1.3442011021268803,7.610642663478357,1.9154581184684503,0.715841884491472,0.12263049032998218,0.5476590415679441,0.0725222491091659,0.8516517062659108,0.00568074914585768
vit_base_patch16_224,ucdpa_sens_Tu_0.3,69.93199999999999,7.114945818486596,3.2706167112962334,1.1572835993853994,6.600502542613768,1.900006294155956,0.7551370568069783,0.13114643522909217,0.5029606219961411,0.06952522036538318,0.8520997652846176,0.005790946917069641
vit_base_patch16_224,ucdpa_sens_Tu_0.5,69.9404,7.1149224029500155,3.2086585611331286,0.779178453673554,6.17845260716585,1.6869314236202717,0.8328145622415585,0.14488023018584043,0.4278233420590089,0.06343805841289286,0.8527049918164206,0.006425176676392127
vit_base_patch16_224,ucdpa_sens_tauc_0.3,66.71,5.724271482031576,6.982532340026149,2.392307275439575,13.550144672434469,3.0518074302980724,0.4335457936396077,0.07200391156949991,0.8993466528436045,0.021285947380391374,0.8467476761948278,0.0069486905217548516
vit_base_patch16_224,ucdpa_sens_tauc_0.5,71.121,11.320779566796611,3.840752198276573,3.7411645258074873,8.33382881272994,5.802688446773787,0.5286055412074935,0.05350093488535363,0.788146020852552,0.08552334318159747,0.8503063501560499,0.006752052805859337
vit_base_patch16_224,ucdpa_sens_tauc_0.7,68.60933333333334,6.117967745365563,3.9017985508344126,1.5165312399012454,8.232307211394925,2.3924962861599894,0.6867634172536595,0.12470430935089807,0.5653134723038874,0.06144122846616416,0.8506891095038481,0.0066924208451485225
vit_base_patch16_224,ucdpa_sens_tauc_0.8,71.763,10.899343925209449,3.1089402818721723,0.025663458255807327,6.561996848610349,0.7778170164326177,0.9052993832750804,0.2507729221289776,0.41693095596659535,0.12612384039705488,0.8537131511954263,0.0057081099008523765
vit_base_patch16_224,ucdpa_sens_tauc_0.9,68.75999999999999,6.065823274708885,4.576374468999606,0.928470933113098,8.95771153958993,0.12483550413778748,1.1999864440148207,0.1711577881166061,0.20171981223298321,0.04430254506282702,0.8499260793061388,0.010106169947162607
vit_base_patch16_224,ucdpa_sens_tauu_0.1,71.684,10.849846450526387,2.7375892837841542,1.4566032698525675,7.705397697593313,1.1140544407096487,0.7071357686233893,0.15295962373864064,0.5844680848862307,0.11743287361162764,0.8524380914442609,0.006235270541162194
vit_base_patch16_224,ucdpa_sens_tauu_0.2,68.61399999999999,6.11154841263652,3.8906078621107145,1.5092223023565403,8.211875046812374,2.633169451037905,0.6860321822520703,0.12463828414493842,0.5660167285285279,0.06143416048845573,0.8506388053957771,0.006704630474280323
vit_base_patch16_224,ucdpa_sens_tauu_0.3,71.689,10.865402799712484,2.7383133298400795,1.4475700723969833,7.688220333804534,1.14142524749311,0.7080118710942589,0.15330686840819482,0.583453154622125,0.11738527955264484,0.8524415930112489,0.006010747453857793
vit_base_patch16_224,ucdpa_sens_tauu_0.4,71.30199999999999,7.335793708477172,3.3541256987887893,1.631673003507752,8.316222845902072,2.024601120190959,0.6664933922758332,0.11110578357688256,0.5886337118032079,0.07116537955198822,0.8522056364582214,0.006282493333340618
vit_base_patch16_224,ucdpa_sens_tauu_0.5,69.86999999999999,7.142230323925434,3.4120821053866295,1.4140560651148817,8.04842532109556,1.7750454461493654,0.7015702880504258,0.11954452020393139,0.5653389454884865,0.07375248446980612,0.8512779941951181,0.005678098256230076
