metric,ucdpa_id,baseline_id,n_paired,ucdpa_mean,baseline_mean,mean_delta,ci_low_2.5,ci_high_97.5,t_statistic,t_pvalue,wilcoxon_statistic,wilcoxon_pvalue,resamples,seed
top1_accuracy,ucdpa,come,285,69.1973754385965,66.12572631578946,3.0716491228070177,2.762289649122808,3.421490701754386,18.256146645956576,8.50141327572775e-50,0.0,1.7298693900859543e-48,10000,0
top1_accuracy,ucdpa,tentcome,285,69.1973754385965,63.22284912280703,5.974526315789474,5.505966491228071,6.492345614035088,23.545783138333203,1.0110543655682626e-68,0.0,1.729941349938755e-48,10000,0
top1_accuracy,ucdpa,tent,285,69.1973754385965,63.03358596491227,6.163789473684211,5.677101052631579,6.681121228070175,24.025675191830366,2.2136283725704033e-70,0.0,1.7298334112612756e-48,10000,0
top1_accuracy,ucdpa,eata,285,69.1973754385965,62.84296140350877,6.3544140350877205,5.929544035087719,6.8124896491228055,28.643073847047248,9.654837852533927e-86,0.0,1.730061289555392e-48,10000,0
top1_accuracy,ucdpa,sar,285,69.1973754385965,61.90468070175438,7.292694736842106,6.856572280701753,7.727453157894738,32.98867046062465,3.805684345360104e-99,0.0,1.7300732839659024e-48,10000,0
top1_accuracy,ucdpa,source,285,69.1973754385965,57.26395789473684,11.93341754385965,11.231604035087718,12.650897719298246,32.22407712563936,7.32955385542671e-97,0.0,1.7298454041211672e-48,10000,0
ece_15bins_percent,ucdpa,come,285,3.484528273049793,7.219808958194874,-3.7352806851450806,-4.241650254793122,-3.2438909730792806,-14.7716893532138,5.015572204848165e-37,4234.0,4.494284882669374e-31,10000,0
ece_15bins_percent,ucdpa,tentcome,285,3.484528273049793,7.739584135082834,-4.255055862033043,-4.977903704952815,-3.6127764390520474,-12.168870263047783,1.0603722928294641e-27,294.0,3.769982704549958e-47,10000,0
ece_15bins_percent,ucdpa,tent,285,3.484528273049793,7.928189009389443,-4.44366073633965,-5.18715115574149,-3.806029327152964,-12.594860846068375,3.3758257549359095e-29,294.0,3.769982704549958e-47,10000,0
ece_15bins_percent,ucdpa,eata,285,3.484528273049793,7.4146294999142635,-3.930101226864471,-4.490590494616677,-3.4452960935993318,-14.808930384675067,3.669307326838145e-37,342.0,6.208678077354517e-47,10000,0
ece_15bins_percent,ucdpa,sar,285,3.484528273049793,7.204879422041214,-3.7203511489914187,-4.09941213301204,-3.3588759085068105,-19.63153677162178,8.274898994294624e-55,344.0,6.338923172289517e-47,10000,0
ece_15bins_percent,ucdpa,source,285,3.484528273049793,4.8193533349599,-1.3348250619101076,-1.7736207206822991,-0.8990610092361135,-5.969031968411121,7.1012710299037626e-09,17086.0,0.018097810325448976,10000,0
mce_15bins_percent,ucdpa,come,285,7.532535266315465,12.211364405747698,-4.678829139432231,-5.5450152489000555,-3.899235058062295,-10.980957108315478,1.2900807416763376e-23,4589.0,8.540854739937059e-30,10000,0
mce_15bins_percent,ucdpa,tentcome,285,7.532535266315465,14.05814057535896,-6.525605309043494,-7.707832089881946,-5.464061685464696,-11.231306739279072,1.8284572284972116e-24,1282.0,8.559138896338717e-43,10000,0
mce_15bins_percent,ucdpa,tent,285,7.532535266315465,14.27968113555533,-6.747145869239865,-8.00874675233959,-5.674534622121732,-11.521004836869729,1.8683076841442684e-25,1295.0,9.734131488792094e-43,10000,0
mce_15bins_percent,ucdpa,eata,285,7.532535266315465,13.787802854306356,-6.2552675879908906,-7.238338943240157,-5.400009591935143,-13.264847569937869,1.4015353412989696e-31,1089.0,1.2548416952400188e-43,10000,0
mce_15bins_percent,ucdpa,sar,285,7.532535266315465,13.236820421508607,-5.7042851551931415,-6.3379636541941435,-5.104127277302578,-18.022298555083214,6.102182610972331e-49,1490.0,6.634162966170503e-42,10000,0
mce_15bins_percent,ucdpa,source,285,7.532535266315465,8.520427849636667,-0.9878925833212016,-1.688877340095696,-0.31543161950893067,-2.8399573572119516,0.004838057377628892,18489.0,0.17506000857829263,10000,0
mean_predictive_entropy,ucdpa,come,285,1.5607799481211564,2.465576051740603,-0.9047961036194461,-0.9175139085364314,-0.8918889377791621,-139.22500895096073,2.1703771253171396e-263,0.0,1.7301812373332855e-48,10000,0
mean_predictive_entropy,ucdpa,tentcome,285,1.5607799481211564,1.467296038931764,0.09348390918939257,0.07808719498762055,0.11068928750582023,11.160786765410538,3.1756621174691403e-24,2229.0,8.009818728871757e-39,10000,0
mean_predictive_entropy,ucdpa,tent,285,1.5607799481211564,1.4630851832948655,0.09769476482629089,0.08248602102915195,0.11519998441166165,11.614240015254977,8.927679536301087e-26,1759.0,9.071331340772005e-41,10000,0
mean_predictive_entropy,ucdpa,eata,285,1.5607799481211564,1.5081349564756943,0.05264499164546208,0.04170860037140518,0.06471480325298373,8.953360126946361,4.630123908617983e-17,6441.0,1.4094096360151832e-23,10000,0
mean_predictive_entropy,ucdpa,sar,285,1.5607799481211564,1.576220152550698,-0.015440204429541707,-0.023998562861663613,-0.006797607053659311,-3.4734270822639353,0.0005939779353520302,16269.0,0.0031747086751449357,10000,0
mean_predictive_entropy,ucdpa,source,285,1.5607799481211564,2.456493859715503,-0.8957139115943464,-0.9290314246007781,-0.8631648876416517,-52.292582673536245,8.644981631112904e-148,0.0,1.7301812373332855e-48,10000,0
mean_mutual_info,ucdpa,come,285,0.694349043459644,1.3608157215891676,-0.6664666781295234,-0.6787828748641783,-0.6539347328106928,-105.85814928652127,3.0643289799940143e-230,0.0,1.7301812373332855e-48,10000,0
mean_mutual_info,ucdpa,tentcome,285,0.694349043459644,0.4838600201707811,0.21048902328886293,0.19646392995196527,0.22557547341318063,28.29939288891903,1.2264728515605553e-84,39.0,2.61049418683497e-48,10000,0
mean_mutual_info,ucdpa,tent,285,0.694349043459644,0.47707168186127574,0.21727736159836825,0.20294328834212258,0.23224847837572155,29.000891261027178,6.954639830402212e-87,21.0,2.159333517640217e-48,10000,0
mean_mutual_info,ucdpa,eata,285,0.694349043459644,0.4919211275172288,0.20242791594241527,0.19042126094508566,0.21501428316431137,32.125212101527445,1.4546740140320467e-96,28.0,2.3247375020216278e-48,10000,0
mean_mutual_info,ucdpa,sar,285,0.694349043459644,0.5126890789937392,0.18165996446590488,0.1717392864498813,0.1916838202376804,35.93306975480728,1.1690653932467404e-107,21.0,2.159333517640217e-48,10000,0
mean_mutual_info,ucdpa,source,285,0.694349043459644,1.0990232217142208,-0.4046741782545768,-0.4241783370086866,-0.3855835680828442,-40.64957815178281,2.124993574459735e-120,0.0,1.7301812373332855e-48,10000,0
auroc_combined,ucdpa,come,285,0.8521546361343896,0.843362123658153,0.008792512476236582,0.006523504863792849,0.011745900083788717,6.594696501841425,2.0747795293465285e-10,371.0,8.387816030637948e-47,10000,0
auroc_combined,ucdpa,tentcome,285,0.8521546361343896,0.8359823592182525,0.016172276916137058,0.011819974819993946,0.021339861753670513,6.55750135405134,2.577460451273508e-10,0.0,1.7301812373332855e-48,10000,0
auroc_combined,ucdpa,tent,285,0.8521546361343896,0.8354955807420424,0.01665905539234721,0.012372321411296489,0.021884210204234436,6.768930920784218,7.425562382690958e-11,0.0,1.7301812373332855e-48,10000,0
auroc_combined,ucdpa,eata,285,0.8521546361343896,0.8405929889242101,0.011561647210179453,0.008802758775735062,0.015155960787796664,7.262309800191859,3.6710654567173026e-12,0.0,1.7301812373332855e-48,10000,0
auroc_combined,ucdpa,sar,285,0.8521546361343896,0.8436645394914554,0.008490096642934201,0.007595568063082688,0.009536829687803531,17.084268642304902,1.6822571053153445e-45,0.0,1.7301812373332855e-48,10000,0
auroc_combined,ucdpa,source,285,0.8521546361343896,0.8397251017736503,0.012429534360739259,0.011476897510585511,0.013463837064942627,24.437499620998974,8.509173938292948e-72,15.0,2.026917195290596e-48,10000,0
